﻿<?xml version="1.0" encoding="utf-8"?>
<ProjectSchemaDefinitions xmlns="http://schemas.microsoft.com/build/2009/properties" xmlns:x="http://schemas.microsoft.com/winfx/2006/xaml" xmlns:sys="clr-namespace:System;assembly=mscorlib">
  <Rule
    Name="JWASM"
    PageTemplate="tool"
    DisplayName="JWasm"
    Order="200">
    <Rule.DataSource>
      <DataSource
        Persistence="ProjectFile"
        ItemType="JWASM" />
    </Rule.DataSource>
    <Rule.Categories>
      <Category
        Name="General">
        <Category.DisplayName>
          <sys:String>General</sys:String>
        </Category.DisplayName>
      </Category>
      <Category
        Name="Command Line"
        Subtype="CommandLine">
        <Category.DisplayName>
          <sys:String>Command Line</sys:String>
        </Category.DisplayName>
      </Category>
    </Rule.Categories>
    <StringProperty
      Name="Inputs"
      Category="Command Line"
      IsRequired="true">
      <StringProperty.DataSource>
        <DataSource
          Persistence="ProjectFile"
          ItemType="JWASM"
          SourceType="Item" />
      </StringProperty.DataSource>
    </StringProperty>
    <BoolProperty
      Name="NoLogo"
      HelpUrl="http://msdn.microsoft.com/library/default.asp?url=/library/en-us/vcmasm/html/vclrfml.asp"
      DisplayName="Suppress Startup Banner"
      Description="Suppress the display of the startup banner and information messages.     (/nologo)"
      Switch="/nologo" />
    <BoolProperty
      Name="GeneratePreprocessedSourceListing"
      Category="Listing File"
      HelpUrl="http://msdn.microsoft.com/library/default.asp?url=/library/en-us/vcmasm/html/vclrfml.asp"
      DisplayName="Generate Preprocessed Source Listing"
      Description="Generates a preprocessed source listing to the Output Window.     (/EP)"
      Switch="/EP" />
    <BoolProperty
      Name="ListAllAvailableInformation"
      Category="Listing File"
      HelpUrl="http://msdn.microsoft.com/library/default.asp?url=/library/en-us/vcmasm/html/vclrfml.asp"
      DisplayName="List All Available Information"
      Description="Turns on listing of all available information.     (/Sa)"
      Switch="/Sa" />
    <BoolProperty
      Name="UseSafeExceptionHandlers"
      Category="Advanced"
      HelpUrl="http://msdn.microsoft.com/library/default.asp?url=/library/en-us/vcmasm/html/vclrfml.asp"
      DisplayName="Use Safe Exception Handlers"
      Description="Marks the object as either containing no exception handlers or containing exception handlers that are all declared with .SAFESEH.     (/safeseh)"
      Switch="/safeseh" />
    <BoolProperty
      Name="AddFirstPassListing"
      Category="Listing File"
      HelpUrl="http://msdn.microsoft.com/library/default.asp?url=/library/en-us/vcmasm/html/vclrfml.asp"
      DisplayName="Add First Pass Listing"
      Description="Adds first-pass listing to listing file.     (/Sf)"
      Switch="/Sf" />
    <BoolProperty
      Name="EnableAssemblyGeneratedCodeListing"
      Category="Listing File"
      HelpUrl="http://msdn.microsoft.com/library/default.asp?url=/library/en-us/vcmasm/html/vclrfml.asp"
      DisplayName="Enable Assembly Generated Code Listing"
      Description="Turns on listing of assembly-generated code.     (/Sg)"
      Switch="/Sg" />
    <BoolProperty
      Name="DisableSymbolTable"
      Category="Listing File"
      HelpUrl="http://msdn.microsoft.com/library/default.asp?url=/library/en-us/vcmasm/html/vclrfml.asp"
      DisplayName="Disable Symbol Table"
      Description="Turns off symbol table when producing a listing.     (/Sn)"
      Switch="/Sn" />
    <BoolProperty
      Name="EnableFalseConditionalsInListing"
      Category="Listing File"
      HelpUrl="http://msdn.microsoft.com/library/default.asp?url=/library/en-us/vcmasm/html/vclrfml.asp"
      DisplayName="Enable False Conditionals In Listing"
      Description="Turns on false conditionals in listing.     (/Sx)"
      Switch="/Sx" />
    <BoolProperty
      Name="TreatWarningsAsErrors"
      HelpUrl="http://msdn.microsoft.com/library/default.asp?url=/library/en-us/vcmasm/html/vclrfml.asp"
      DisplayName="Treat Warnings As Errors"
      Description="Returns an error code if warnings are generated.     (/WX)"
      Switch="/WX" />
    <BoolProperty
      Name="MakeAllSymbolsPublic"
      Category="Object File"
      HelpUrl="http://msdn.microsoft.com/library/default.asp?url=/library/en-us/vcmasm/html/vclrfml.asp"
      DisplayName="Make All Symbols Public"
      Description="Makes all symbols public.     (/Zf)"
      Switch="/Zf" />
    <BoolProperty
      Name="MASMCodeGen"
      Category="Object File"
      HelpUrl="http://msdn.microsoft.com/library/default.asp?url=/library/en-us/vcmasm/html/vclrfml.asp"
      DisplayName="Match MASM's Code Generation"      
      Description="Code Generation is the same as MASM's      (/Zg)"      
      Switch="/Zg" />
    <BoolProperty
      Name="GenerateDebugInformation"
      HelpUrl="http://msdn.microsoft.com/library/default.asp?url=/library/en-us/vcmasm/html/vclrfml.asp"
      DisplayName="Generate Debug Information"
      Description="Generates Debug Information.     (/Zi)"
      Switch="/Zi" />
    <BoolProperty
      Name="EnableMASM51Compatibility"
      HelpUrl="http://msdn.microsoft.com/library/default.asp?url=/library/en-us/vcmasm/html/vclrfml.asp"
      DisplayName="Enable MASM 5.1 Compatibility"
      Description="Enables M510 option for maximum compatibility with MASM 5.1.     (/Zm)"
      Switch="/Zm" />
    <BoolProperty
      Name="StrictMASMCompatibility"
      HelpUrl="http://msdn.microsoft.com/library/default.asp?url=/library/en-us/vcmasm/html/vclrfml.asp"
      DisplayName="Strict MASM Compatibility"
      Description="Disables syntax extensions which MASM won't understand     (/Zne)"
      Switch="/Zne" />
    <BoolProperty
      Name="PerformSyntaxCheckOnly"
      HelpUrl="http://msdn.microsoft.com/library/default.asp?url=/library/en-us/vcmasm/html/vclrfml.asp"
      DisplayName="Perform Syntax Check Only"
      Description="Performs a syntax check only.     (/Zs)"
      Switch="/Zs" />
    <StringProperty
      Name="ObjectFileName"
      Category="Object File"
      HelpUrl="http://msdn.microsoft.com/library/default.asp?url=/library/en-us/vcmasm/html/vclrfml.asp"
      DisplayName="Object File Name"
      Description="Specifies the name of the output object file.     (/Fo:[file])"
      Switch="/Fo&quot;[value]&quot;" />
    <StringListProperty
      Name="PreprocessorDefinitions"
      HelpUrl="http://msdn.microsoft.com/library/default.asp?url=/library/en-us/vcmasm/html/vclrfml.asp"
      DisplayName="Preprocessor Definitions"
      Description="Defines a text macro with the given name.     (/D[symbol])"
      Switch="/D&quot;[value]&quot;" />
    <StringProperty
      Name="AssembledCodeListingFile"
      Category="Listing File"
      HelpUrl="http://msdn.microsoft.com/library/default.asp?url=/library/en-us/vcmasm/html/vclrfml.asp"
      DisplayName="Assembled Code Listing File"
      Description="Generates an assembled code listing file.     (/Fl[file])"
      Switch="/Fl&quot;[value]&quot;" />
    <StringListProperty
      Name="IncludePaths"
      HelpUrl="http://msdn.microsoft.com/library/default.asp?url=/library/en-us/vcmasm/html/vclrfml.asp"
      DisplayName="Include Paths"
      Description="Sets path for include file. A maximum of 10 /I options is allowed.     (/I [path])"
      Switch="/I &quot;[value]&quot;" />
    <StringListProperty
      Name="ForceInclude"
      HelpUrl="http://msdn.microsoft.com/library/default.asp?url=/library/en-us/vcmasm/html/vclrfml.asp"
      DisplayName="Force Include File"
      Description="Includes a file to the assembly process.     (/Fi[file])"
      Switch="/Fi&quot;[value]&quot;" />
    <EnumProperty
      Name="PreserveIdentifierCase"
      HelpUrl="http://msdn.microsoft.com/library/default.asp?url=/library/en-us/vcmasm/html/vclrfml.asp"
      DisplayName="Preserve Identifier Case"
      Description="Specifies preservation of case of user identifiers.     (/Cp, /Cu, /Cx)">
      <EnumValue
        Name="0"
        DisplayName="Default" />
      <EnumValue
        Name="1"
        DisplayName="Preserves Identifier Case"
        Switch="/Cp" />
      <EnumValue
        Name="2"
        DisplayName="Maps all identifiers to upper case"
        Switch="/Cu" />
      <EnumValue
        Name="3"
        DisplayName="Preserves case in public and extern symbols"
        Switch="/Cx" />
    </EnumProperty>
    <EnumProperty
        Name="CNamesDecoration"  
        HelpUrl="http://msdn.microsoft.com/library/default.asp?url=/library/en-us/vcmasm/html/vclrfml.asp"
        Category="Object File"
        DisplayName="C names are decorated (32-bit only)"
        Description="C names are decorated with _ prefix (32-bit only)  (/zcm, /zcw)">
      <EnumValue
          Name="0"
          DisplayName="C names are decorated (default)"
          Switch="/zcm" />
       <EnumValue
          Name="1"
          DisplayName="No name decoration for C symbols"
          Switch="/zcw" />
    </EnumProperty>          
    <EnumProperty
        Name="StdcallSymbolDecoration"
        Category="Object File"
        DisplayName="Stdcall symbol decoration (32-bit only)"
        HelpUrl="http://msdn.microsoft.com/library/default.asp?url=/library/en-us/vcmasm/html/vclrfml.asp"
        Description="Set STDCALL symbol decoration: /zt0=No name decoration, /zt1=No @size suffix for functions, zt2=Full (default)">
       <EnumValue
          Name="0"
          DisplayName="No name decoration"
          Switch="/zt0" />
       <EnumValue
          Name="1"
          DisplayName="No @size suffix for functions"
          Switch="/zt1" />
       <EnumValue
          Name="2"
          DisplayName="Full decoration"
          Switch="/zt2" />
    </EnumProperty>
    <EnumProperty
      Name="WarningLevel"
      HelpUrl="http://msdn.microsoft.com/library/default.asp?url=/library/en-us/vcmasm/html/vclrfml.asp"
      DisplayName="Warning Level"
      Description="Sets the warning level, where level = 0, 1, 2, or 3.    (/W0, /W1, /W2, /W3)">
      <EnumValue
        Name="0"
        DisplayName="Warning Level 0"
        Switch="/W0" />
      <EnumValue
        Name="1"
        DisplayName="Warning Level 1"
        Switch="/W1" />
      <EnumValue
        Name="2"
        DisplayName="Warning Level 2"
        Switch="/W2" />
      <EnumValue
        Name="3"
        DisplayName="Warning Level 3"
        Switch="/W3" />
    </EnumProperty>
    <EnumProperty
        Name="OutputFormat"
        DisplayName="Output Format"
        Category="Object File"    
        Description="Selects the output format to be used.     (/bin, /coff, /elf /mz /omf, ...)">
        <EnumValue
            Name="0"
            Switch="/omf"
            DisplayName="OMF" />        
        <EnumValue
            Name="1"
            Switch="/coff"
            DisplayName="COFF 32-bit" />
        <EnumValue
            Name="2"
            Switch="/win64"
            DisplayName="COFF 64-bit" />
        <EnumValue
            Name="3"
            Switch="/bin"
            DisplayName="Plain binary" />
        <EnumValue
            Name="4"
            Switch="/mz"
            DisplayName="DOS MZ" />
        <EnumValue
            Name="5"
            Switch="/pe"
            DisplayName="PE 32-/64-bit" />
        <EnumValue
            Name="6"
            Switch="/elf"
            DisplayName="ELF 32-bit" />
        <EnumValue
            Name="7"
            Switch="/elf64"
            DisplayName="ELF 64-bit" />
    </EnumProperty>
    <EnumProperty
      Name="PackAlignmentBoundary"
      Category="Advanced"
      HelpUrl="http://msdn.microsoft.com/library/default.asp?url=/library/en-us/vcmasm/html/vclrfml.asp"
      DisplayName="Pack Alignment Boundary"
      Description="Packs structures on the specified byte boundary. The alignment can be 1, 2, 4, 8 or 16.     (/Zp1, /Zp2, /Zp4, /Zp8, /Zp16)">
      <EnumValue
        Name="0"
        DisplayName="Default" />
      <EnumValue
        Name="1"
        DisplayName="One Byte Boundary (/Zp1)"
        Switch="/Zp1" />
      <EnumValue
        Name="2"
        DisplayName="Two Byte Boundary (/Zp2)"
        Switch="/Zp2" />
      <EnumValue
        Name="3"
        DisplayName="Four Byte Boundary (/Zp4)"
        Switch="/Zp4" />
      <EnumValue
        Name="4"
        DisplayName="Eight Byte Boundary (/Zp8)"
        Switch="/Zp8" />
      <EnumValue
        Name="5"
        DisplayName="Sixteen Byte Boundary (/Zp16)"
        Switch="/Zp16" />
    </EnumProperty>
    <EnumProperty
      Name="CallingConvention"
      Category="Advanced"
      HelpUrl="http://msdn.microsoft.com/library/default.asp?url=/library/en-us/vcmasm/html/vclrfml.asp"
      DisplayName="Calling Convention"
      Description="Selects calling convention for your application.     (/Gc, /Gd. /Gz)">
      <EnumValue
        Name="0"
        DisplayName="Default" />
      <EnumValue
        Name="1"
        DisplayName="Use C-style Calling Convention"
        Switch="/Gd" />
      <EnumValue
        Name="2"
        DisplayName="Use stdcall Calling Convention"
        Switch="/Gz" />
      <EnumValue
        Name="3"
        DisplayName="Use Pascal Calling Convention"
        Switch="/Gc" />
    </EnumProperty>
    <StringProperty
      Name="CommandLineTemplate"
      DisplayName="Command Line"
      Visible="False"
      IncludeInCommandLine="False" />
    <DynamicEnumProperty
     Name="JWASMBeforeTargets"
     Category="General"
     EnumProvider="Targets"
     IncludeInCommandLine="False">
      <DynamicEnumProperty.DisplayName>
        <sys:String>Execute Before</sys:String>
      </DynamicEnumProperty.DisplayName>
      <DynamicEnumProperty.Description>
        <sys:String>Specifies the targets for the build customization to run before.</sys:String>
      </DynamicEnumProperty.Description>
      <DynamicEnumProperty.ProviderSettings>
        <NameValuePair
          Name="Exclude"
          Value="^JWASMBeforeTargets|^Compute" />
      </DynamicEnumProperty.ProviderSettings>
      <DynamicEnumProperty.DataSource>
        <DataSource
          Persistence="ProjectFile"
          ItemType=""
          HasConfigurationCondition="true" />
      </DynamicEnumProperty.DataSource>
    </DynamicEnumProperty>
    <DynamicEnumProperty
      Name="JWASMAfterTargets"
      Category="General"
      EnumProvider="Targets"
      IncludeInCommandLine="False">
      <DynamicEnumProperty.DisplayName>
        <sys:String>Execute After</sys:String>
      </DynamicEnumProperty.DisplayName>
      <DynamicEnumProperty.Description>
        <sys:String>Specifies the targets for the build customization to run after.</sys:String>
      </DynamicEnumProperty.Description>
      <DynamicEnumProperty.ProviderSettings>
        <NameValuePair
          Name="Exclude"
          Value="^JWASMAfterTargets|^Compute" />
      </DynamicEnumProperty.ProviderSettings>
      <DynamicEnumProperty.DataSource>
        <DataSource
          Persistence="ProjectFile"
          ItemType=""
          HasConfigurationCondition="true" />
      </DynamicEnumProperty.DataSource>
    </DynamicEnumProperty>
    <StringProperty
      Name="ExecutionDescription"
      DisplayName="Execution Description"
      IncludeInCommandLine="False"
      Visible="False" />
    <StringListProperty
      Name="AdditionalDependencies"
      DisplayName="Additional Dependencies"
      IncludeInCommandLine="False"
      Visible="False" />
    <StringProperty
      Subtype="AdditionalOptions"
      Name="AdditionalOptions"
      Category="Command Line">
      <StringProperty.DisplayName>
        <sys:String>Additional Options</sys:String>
      </StringProperty.DisplayName>
      <StringProperty.Description>
        <sys:String>Additional Options</sys:String>
      </StringProperty.Description>
    </StringProperty>
  </Rule>
  <ItemType
    Name="JWASM"
    DisplayName="JWasm" />
  <FileExtension
    Name="*.asm"
    ContentType="JWASM" />
  <ContentType
    Name="JWASM"
    DisplayName="JWasm"
    ItemType="JWASM" />
</ProjectSchemaDefinitions>
